epoch,steps,cosine_pearson,cosine_spearman
1.0,15625,0.7099058988641079,0.47889470978502835
2.0,31250,0.7093967818730018,0.48090613862858156
3.0,46875,0.7152623018440631,0.48124338562692087
1.0,15625,0.6925883554209972,0.4604163112035322
2.0,31250,0.6881733609980685,0.462638470770576
3.0,46875,0.6864039560903564,0.46345915609196536
